{
  "AWSTemplateFormatVersion": "2010-09-09",
  "Resources": {
    "BiztonsagSecurityGroup": {
      "Type": "AWS::EC2::SecurityGroup",
      "Properties": {
        "GroupDescription": "esku biztonsagos",
        "SecurityGroupIngress": [
          {
            "CidrIp": "0.0.0.0/0",
            "FromPort": 22,
            "ToPort": 22,
            "IpProtocol": "tcp"
          }
        ],
        "SecurityGroupEgress": [
          {
            "CidrIp": "0.0.0.0/0",
            "FromPort": 0,
            "ToPort": 0,
            "IpProtocol": "-1"
          }
        ]
      }
    },
    "SendhelpEC2Instance": {
      "Type": "AWS::EC2::Instance",
      "Properties": {
        "InstanceType": "t3.nano",
        "ImageId": "ami-0e4ac38f6979a01c7",
        "SecurityGroupIds": [
          {
            "Fn::GetAtt": ["BiztonsagSecurityGroup", "GroupId"]
          }
        ],
        "Tags": [
          {
            "Key": "Name",
            "Value": "kitti-task1-keypair"
          }
        ]
      }
    }
  }
}